{
    "locality": {
        "vanilla": "20bf73aa-027b-451d-8b15-5b2fb1bd9af2.vanilla", 
        "ngram": true, 
        "added": "20bf73aa-027b-451d-8b15-5b2fb1bd9af2.added", 
        "pruningThresholds": [], 
        "order": 3
    }, 
    "country": {
        "vanilla": "9d5dafc4-391b-4f11-8b54-4f146556a3c9.vanilla", 
        "ngram": true, 
        "added": "9d5dafc4-391b-4f11-8b54-4f146556a3c9.added", 
        "pruningThresholds": [], 
        "order": 3
    }, 
    "region": {
        "vanilla": "700ac9d2-63d8-45eb-935e-6d2bbc1063c6.vanilla", 
        "ngram": true, 
        "added": "700ac9d2-63d8-45eb-935e-6d2bbc1063c6.added", 
        "pruningThresholds": [], 
        "order": 3
    }, 
    "conditionName": {
        "vanilla": "b41ab5b5-22e5-49b4-91e3-c7587b9f1f63.vanilla", 
        "ngram": true, 
        "added": "b41ab5b5-22e5-49b4-91e3-c7587b9f1f63.added", 
        "pruningThresholds": [], 
        "order": 3
    }, 
    "item": {
        "vanilla": "0b0c9af8-ed66-45b0-828a-0605678571e5.vanilla", 
        "ngram": true, 
        "added": "0b0c9af8-ed66-45b0-828a-0605678571e5.added", 
        "pruningThresholds": [], 
        "order": 3
    }, 
    "temperatureName": {
        "vanilla": "52faf76a-f8f8-45c7-b012-2d121cf3292a.vanilla", 
        "ngram": true, 
        "added": "52faf76a-f8f8-45c7-b012-2d121cf3292a.added", 
        "pruningThresholds": [], 
        "order": 3
    }, 
    "geographicalPOI": {
        "vanilla": "5a43a0db-4940-4f3f-ae8c-26ada7752aa0.vanilla", 
        "ngram": true, 
        "added": "5a43a0db-4940-4f3f-ae8c-26ada7752aa0.added", 
        "pruningThresholds": [], 
        "order": 3
    }, 
    "snips/datetime": {
        "vanilla": "9e476660-00b9-451e-bbfb-ae465da2599c.vanilla", 
        "ngram": false, 
        "added": "9e476660-00b9-451e-bbfb-ae465da2599c.added", 
        "pruningThresholds": [], 
        "order": 0
    }
}